title,abstract
Deep Learning for Image Recognition,This paper explores the use of deep learning models such as CNNs for image recognition tasks across various domains including medical imaging and autonomous vehicles.
Quantum Computing Applications,We discuss potential applications of quantum computing in cryptography, complex simulations, and optimization problems, comparing performance with classical systems.
Survey on Natural Language Processing,This comprehensive survey covers major developments in NLP including transformer architectures like BERT and GPT, with benchmarks across 20+ datasets.
Advances in Neural Networks,Recent advancements in neural network architectures are reviewed with focus on attention mechanisms, sparse networks, and neuromorphic computing.
Big Data Analytics in Healthcare,The role of big data analytics in improving patient care through predictive modeling and hospital operations optimization is examined using 5 case studies.
Cybersecurity Challenges in IoT,This article identifies 12 key cybersecurity risks in IoT networks and evaluates mitigation strategies through simulation of attack scenarios.
Blockchain for Secure Data Sharing,Blockchain technologies are evaluated for securing data sharing in distributed systems with performance benchmarks across 3 major platforms.
Machine Learning in Finance,An overview of ML techniques in algorithmic trading, fraud detection, and risk assessment with empirical results from financial datasets.
Autonomous Vehicles and AI,This study reviews AI models for autonomous navigation including sensor fusion techniques and real-world testing results from 8 prototypes.
Climate Change Prediction Models,Various ML approaches are compared for climate modeling using 40 years of NOAA data, showing improved accuracy over traditional methods.
Federated Learning Frameworks,Analysis of privacy-preserving distributed learning systems with benchmarks across healthcare and financial applications.
Computer Vision for Agriculture,Application of deep learning for crop monitoring, disease detection, and yield prediction using drone-captured imagery.
Edge Computing Architectures,Survey of edge computing paradigms evaluating latency, energy efficiency, and scalability across different hardware configurations.
Generative Adversarial Networks,Comprehensive review of GAN variants with quantitative comparisons on image generation tasks using 5 metrics.
Robotics Motion Planning,Novel algorithms for robotic path planning in dynamic environments tested across 3 simulation platforms.
5G Network Optimization,Machine learning approaches for resource allocation and traffic prediction in next-gen cellular networks.
Bioinformatics Data Analysis,Application of deep learning for genomic sequence analysis and protein structure prediction.
Augmented Reality Interfaces,Evaluation of ML-enhanced AR systems for education and industrial maintenance applications.
Time Series Forecasting,Comparison of 10 algorithms for multivariate time series prediction using energy consumption datasets.
Explainable AI Methods,Techniques for interpreting complex ML models with case studies in healthcare and criminal justice.
Smart City Infrastructure,AI applications for urban planning, traffic management, and energy distribution in smart cities.
Reinforcement Learning Survey,Comprehensive review of RL algorithms with benchmarks across gaming, robotics, and control systems.
Cloud Computing Security,Analysis of ML-based intrusion detection systems for cloud environments using 3 datasets.
Digital Twin Technologies,Implementation of digital twins in manufacturing with focus on real-time analytics and predictive maintenance.
Human Activity Recognition,Deep learning approaches for wearable sensor data analysis with accuracy comparisons across 4 public datasets.
Speech Emotion Detection,Novel architectures for emotion classification from speech using 8 emotional categories.
Recommendation Systems,Evaluation of hybrid recommendation algorithms using MovieLens and Amazon product data.
Anomaly Detection in Networks,Unsupervised learning methods for identifying network intrusions with F1-score comparisons.
Computational Photography,AI techniques for image enhancement, HDR reconstruction, and low-light photography.
Satellite Image Analysis,Deep learning applications in land use classification and disaster monitoring using Sentinel-2 data.
Medical Diagnosis Systems,Review of AI-assisted diagnostic tools for radiology, pathology, and dermatology applications.
Neural Architecture Search,Automated ML approaches for optimal neural network design with computational cost analysis.
Data Augmentation Techniques,Survey of methods for synthetic data generation with impact assessment on model performance.
Multi-modal Learning,Fusion techniques for combining visual, textual, and auditory data in deep learning systems.
Low-Power AI Chips,Evaluation of specialized hardware for edge AI with energy efficiency benchmarks.
Social Media Analysis,NLP and network analysis techniques for trend prediction and misinformation detection.
3D Object Recognition,Deep learning approaches for point cloud processing and 3D reconstruction.
Automated Scientific Discovery,AI systems for hypothesis generation and experimental design in materials science.
Privacy-Preserving ML,Comparative study of cryptographic techniques for secure machine learning.
Quantum Machine Learning,Hybrid quantum-classical algorithms for optimization and pattern recognition.
AI Ethics Frameworks,Principles and implementation strategies for ethical AI development and deployment.
Energy Forecasting Models,Deep learning applications in renewable energy prediction using weather data.
Retail Analytics,Computer vision and NLP for inventory management and customer behavior analysis.
Industrial Automation,AI solutions for predictive maintenance and quality control in manufacturing.
Financial Sentiment Analysis,NLP techniques for market sentiment extraction from news and social media.
Autonomous Drones,AI systems for navigation and object avoidance in UAV applications.
Smart Agriculture,IoT and machine learning for precision farming and resource optimization.
Virtual Assistants,Architectures for context-aware conversational AI systems.
Fraud Detection Systems,Comparative analysis of anomaly detection methods in financial transactions.
Computational Neuroscience,ML models for brain activity analysis and neural decoding.
AI in Education,Personalized learning systems and automated grading techniques.