title,abstract
Deep Learning for Image Recognition,This paper explores the use of deep learning models such as CNNs for image recognition tasks across various domains.
Quantum Computing Applications,We discuss potential applications of quantum computing in cryptography and complex simulations.
Survey on Natural Language Processing,This survey covers major developments and methods in natural language processing including BERT and GPT models.
Advances in Neural Networks,Recent advancements in neural network architectures are reviewed with a focus on recurrent and convolutional models.
Big Data Analytics in Healthcare,The role of big data analytics in improving patient care and hospital operations is examined.
Cybersecurity Challenges in IoT,This article identifies key cybersecurity risks and mitigation strategies in Internet of Things (IoT) networks.
Blockchain for Secure Data Sharing,Blockchain technologies are evaluated for their ability to secure data sharing in distributed systems.
Machine Learning in Finance,An overview of machine learning techniques used in algorithmic trading and risk assessment in finance.
Autonomous Vehicles and AI,This study reviews AI models and sensor integration for autonomous navigation in self-driving cars.
Climate Change Prediction Models,Various machine learning approaches are compared for modeling and predicting climate change outcomes.
